"lb"	"mappings"
Abies alba	Abies alba
Abies alba	European silver fir
Abies alba	Silver fir
Acanthus mollis	Acanthus mollis
Acanthus mollis	Bear's breeches
Acer floridanum	Acer floridanum
Acer floridanum	Sugarmaple
Acer rubrum	Acer rubrum
Acer rubrum	Red maple
Acer rubrum	Rotahorn
Achillea millefolium	Achillea millefolium
Achillea millefolium	Common yarrow
Achillea millefolium	Milfoil
Achillea millefolium	Yarrow
Acorus calamus	Acorus calamus
Acorus calamus	Calamus
Acorus calamus	Flagroot
Acorus calamus	Myrtle-flag
Acorus calamus	Sweet calamus
Acorus calamus	Sweet-flag
Acorus calamus	Sweetroot
Actaea racemosa	Actaea racemosa
Actaea racemosa	Black bugbane
Actaea racemosa	Black cohosh
Actaea racemosa	Black snakeroot
Adiantum capillus	Adiantum capillus
Adiantum capillus	Common maidenhair
Adiantum capillus	Maidenhair fern
Aesculus hippocastanum	Aesculus hippocastanum
Aesculus hippocastanum	Common horse chestnut
Aesculus hippocastanum	Horse-chestnut
Aframomum melegueta	Aframomum melegueta
Aframomum melegueta	Guinea-pepper
Agathosma betulina	Agathosma betulina
Agathosma betulina	Buchu
Agathosma betulina	Honey buchu
Agathosma betulina	Mountain buchu
Agrimonia eupatoria	Agrimonia eupatoria
Agrimonia eupatoria	Agrimony
Agrimonia eupatoria	Da hua long ya cao
Albizia julibrissin	Albizia julibrissin
Albizia julibrissin	Happiness Tree
Albizia julibrissin	He huan
Albizia julibrissin	Mimosa
Albizia julibrissin	Silktree
Albizia julibrissin	Silktree albizia
Alchemilla xanthochlora	Alchemilla xanthochlora
Alchemilla xanthochlora	Lady's-mantle
Allium cepa	Allium cepa
Allium cepa	Onion
Allium cepa	Shallot
Allium sativum	Allium sativum
Allium sativum	Garlic
Aloe vera	Aloe
Aloe vera	Aloe vera
Aloe vera	Barbados aloe
Aloe vera	Curaçao aloe
Aloe vera	True aloe
Aloe vera	West Indian aloe
Alpinia officinarum	Alpinia officinarum
Alpinia officinarum	Chinese-ginger
Alpinia officinarum	Lesser galanga
Alpinia officinarum	Lesser galangal
Amaranthus spinosus	Amaranthus spinosus
Amaranthus spinosus	Prickly Amaranth
Amaranthus spinosus	Spiny Amaranth
Amomum villosum	Amomum villosum
Amomum villosum	Sha ren
Amomum villosum	Sharen
Amomum villosum	Villous amomum
Anethum graveolens	Anethum graveolens
Anethum graveolens	Dill
Anethum graveolens	Garden dill
Anethum graveolens	Shi luo
Angelica sinensis	Angelica sinensis
Angelica sinensis	Chinese Angelica
Angelica sinensis	Dang quai
Angelica sinensis	Dang qui
Angelica sinensis	Dong gui
Angelica sinensis	Dong quai
Angelica sinensis	Tang-kuei
Apium graveolens	Apium graveolens
Apium graveolens	Celery
Aralia racemosa	American spikenard
Aralia racemosa	Aralia racemosa
Aralia spinosa	Aralia spinosa
Aralia spinosa	Cong mu
Aralia spinosa	Japanese angelica-tree
Aralia spinosa	Japanese aralia
Arctium lappa	Arctium lappa
Arctium lappa	Burdock
Arctium lappa	Burr seed
Arctium lappa	Cocklebur
Arctium lappa	Edible burdock
Arctium lappa	Gobo
Arctium lappa	Goboshi
Arctium lappa	Great burdock
Arctium lappa	Great burdocks
Arctium lappa	Greater burdock
Arctium lappa	Hardock
Arctium lappa	Harebur
Arctium lappa	Lappa
Arctium lappa	Niu bang zi
Arctostaphylos uva	Arctostaphylos uva
Arctostaphylos uva	Bearberry
Arctostaphylos uva	Kinnikinnick
Arctostaphylos uva	Uva ursi
Ardisia crenata	Ardisia crenata
Ardisia crenata	Coralberry
Ardisia crenata	Coralberry tree
Ardisia crenata	Coral bush
Ardisia crenata	Hen's-eyes
Ardisia crenata	Koraalbessieboom
Ardisia crenata	Spiceberry
Ardisia crenata	Zhu sha gen
Areca catechu	Areca catechu
Areca catechu	Areca palm
Areca catechu	Bing lang
Aristotelia chilensis	Aristotelia chilensis
Aristotelia chilensis	Maqui
Artemisia absinthium	Absinthe
Artemisia absinthium	Absinthe wormwood
Artemisia absinthium	Absinthium
Artemisia absinthium	Artemisia absinthium
Artemisia absinthium	Wormwood
Artemisia annua	Artemisia annua
Artemisia annua	Huang hua hao
Artemisia annua	Sweet Annie
Artemisia annua	Sweet wormwood
Artocarpus altilis	Artocarpus altilis
Artocarpus altilis	Breadfruit
Asparagus racemosus	Asparagus racemosus
Asparagus racemosus	Shatamuli
Asparagus racemosus	Shatavari
Atractylodes lancea	Atractylodes lancea
Atractylodes lancea	Maocangzhu
Atractylodes macrocephala	Atractylodes macrocephala
Atractylodes macrocephala	Bai zhu
Atractylodes macrocephala	Bai zhu atractylodes
Atractylodes macrocephala	Largehead Atractylodes
Atractylodes macrocephala	White Atractylodes
Azadirachta indica	Azadirachta indica
Azadirachta indica	Indian-lilac
Azadirachta indica	Margosa
Azadirachta indica	Neem
Azadirachta indica	Nimtree
Bacopa monnieri	Bacopa
Bacopa monnieri	Bacopa monnieri
Bacopa monnieri	Moneywort
Bacopa monnieri	Water hyssop
Ballota nigra	Ballota
Ballota nigra	Ballota nigra
Ballota nigra	Black hempnettle
Ballota nigra	Black horehound
Ballota nigra	Black Stinking Horehound
Ballota nigra	Marrubium Nigrum
Berberis aquifolium	Berberis aquifolium
Berberis aquifolium	Blue barberry
Berberis aquifolium	Holly barberry
Berberis aquifolium	Holly mahonia
Berberis aquifolium	Mahonia
Berberis aquifolium	Mountain grape
Berberis aquifolium	Mountain-grape
Berberis aquifolium	Oregon grape
Berberis aquifolium	Oregon-grape
Berberis aristata	Berberis aristata
Berberis aristata	Indian barberry
Berberis aristata	Tree-turmeric
Berberis lycium	Berberis lycium
Berberis lycium	Berberislycium
Berberis vulgaris	Berberis vulgaris
Berberis vulgaris	Common barberry
Berberis vulgaris	European barberry
Berberis vulgaris	Jaundice-berry
Berberis vulgaris	piprage
Beta vulgaris	Beet
Beta vulgaris	Beet root
Beta vulgaris	Beta vulgaris
Beta vulgaris	Field beet
Beta vulgaris	Fodder beet
Beta vulgaris	Foliage beet
Beta vulgaris	Garden beet
Beta vulgaris	Mangel
Beta vulgaris	Mangel-wurzel
Beta vulgaris	Mangold
Beta vulgaris	Red beet
Beta vulgaris	Sicilian broad-rib beet
Beta vulgaris	Spinach beet
Beta vulgaris	Spinach chard
Beta vulgaris	Sugar beet
Beta vulgaris	Swiss chard
Beta vulgaris	Tian cai
Beta vulgaris	Yellow beet
Bidens pilosa	Bidens pilosa
Bidens pilosa	Hairy beggar-ticks
Bidens pilosa	Spanish-needles
Bixa orellana	Annatto
Bixa orellana	Arnatto
Bixa orellana	Bixa orellana
Bixa orellana	Lipsticktree
Bixa orellana	Rocou
Borago officinalis	Beebread
Borago officinalis	Beeplant
Borago officinalis	Borage
Borago officinalis	Borago officinalis
Borago officinalis	Star-flower
Borago officinalis	Talewort
Boswellia serrata	Boswellia
Boswellia serrata	Boswellia serrata
Brassica juncea	Brassica juncea
Brassica juncea	Indian mustard
Brassica juncea	Oriental mustard
Brassica oleracea	Brassica oleracea
Brassica oleracea	Colza
Brassica oleracea	Rape
Brassica oleracea	Rape seed
Brassica oleracea	Seed- rape
Brassica rapa	Brassica rapa
Brassica rapa	Rapini
Brassica rapa	Seven-top turnip
Brassica rapa	Turnip
Brassica rapa	Tyfon
Bupleurum chinense	Bei chai hu
Bupleurum chinense	Bupleurum
Bupleurum chinense	Bupleurum chinense
Bupleurum chinense	Chai hu
Bupleurum chinense	Chinese thoroughwax
Bupleurum chinense	Hare's-ear
Calluna vulgaris	Calluna vulgaris
Calluna vulgaris	Common heather
Calluna vulgaris	Heather
Calluna vulgaris	Ling
Calluna vulgaris	Red-heath
Calluna vulgaris	Scotch heather
Calluna vulgaris	Scots heather
Camellia sinensis	Black tea
Camellia sinensis	Camellia sinensis
Camellia sinensis	Green tea
Camellia sinensis	Oolong tea
Camellia sinensis	Tea
Camellia sinensis	White Tea
Cannabis sativa	Cannabis sativa
Cannabis sativa	Cannibidiol
Cannabis sativa	Da ma
Cannabis sativa	Hemp
Cannabis sativa	Hemp extract
Cannabis sativa	Marijuana
Capparis spinosa	Caper
Capparis spinosa	Caperbush
Capparis spinosa	Capparis spinosa
Capsella bursa	Capsella bursa
Capsella bursa	Shepherd's-purse
Castanea dentata	Americanchestnut
Castanea dentata	Castanea dentata
Castanea sativa	Castanea sativa
Castanea sativa	European chestnut
Castanea sativa	Sweet chestnut
Caulophyllum thalictroides	Blue cohosh
Caulophyllum thalictroides	Caulophyllum
Caulophyllum thalictroides	Caulophyllum thalictroides
Caulophyllum thalictroides	Papooseroott
Caulophyllum thalictroides	Squawroot
Centaurium erythraea	Centaurium erythraea
Centaurium erythraea	Centaury
Centaurium erythraea	Common centaury
Centaurium erythraea	European centaury
Centaurium erythraea	Small centaury
Ceratonia siliqua	Bread- St John's
Ceratonia siliqua	Carob
Ceratonia siliqua	Ceratonia
Ceratonia siliqua	Ceratonia siliqua
Ceratonia siliqua	Locust-bean
Ceratonia siliqua	St John's bread
Ceratonia siliqua	St. John's-bread
Chelidonium majus	Celandine
Chelidonium majus	Chelidonium majus
Chelidonium majus	Great celandine
Chelidonium majus	Greater celandine
Chelidonium majus	Nipplewort
Chelidonium majus	Swallowwort
Chimaphila umbellata	Bitter wintergreen
Chimaphila umbellata	Chimaphila umbellata
Chimaphila umbellata	Ground ivy
Chimaphila umbellata	Pipsissewa
Chimaphila umbellata	Pipsissiwa
Chimaphila umbellata	Prince's-pine
Chionanthus virginicus	Chionanthus virginicus
Chionanthus virginicus	Fringetree
Chionanthus virginicus	Old-man's-beard
Chionanthus virginicus	Poison-ash
Chlorella vulgaris	Chlorella
Chlorella vulgaris	Chlorella vulgaris
Cichorium intybus	Belgium endive
Cichorium intybus	Chicory
Cichorium intybus	Cichorium intybus
Cichorium intybus	Radicchio
Cinnamomum burmanni	Bataviacinnamon
Cinnamomum burmanni	Cinnamomum burmanni
Cinnamomum camphora	Camphor
Cinnamomum camphora	Camphor laurel
Cinnamomum camphora	Camphor tree
Cinnamomum camphora	Camphortree
Cinnamomum camphora	Cinnamomum camphora
Cinnamomum camphora	Japanese camphor
Cinnamomum camphora	Kuso-no-ki
Cinnamomum cassia	Cassia
Cinnamomum cassia	Cassia cinnamon
Cinnamomum cassia	Ceylon cinnamon
Cinnamomum cassia	Chinese cinnamon
Cinnamomum cassia	Chinese cinnamon tree
Cinnamomum cassia	Cinnamomum cassia
Cinnamomum cassia	Cinnamomum verum
Cinnamomum cassia	Cinnamon
Cinnamomum cassia	Rou gui
Cinnamomum cassia	True cinnamon
Cinnamomum cassia	Tvak
Cinnamomum verum	Cassia
Cinnamomum verum	Cassia cinnamon
Cinnamomum verum	Ceylon cinnamon
Cinnamomum verum	Chinese cinnamon
Cinnamomum verum	Chinese cinnamon tree
Cinnamomum verum	Cinnamomum cassia
Cinnamomum verum	Cinnamomum verum
Cinnamomum verum	Cinnamon
Cinnamomum verum	Rou gui
Cinnamomum verum	True cinnamon
Cinnamomum verum	Tvak
Cistus creticus	Cistus creticus
Cistus creticus	Hairyrockrose
Citrullus lanatus	Citrullus lanatus
Citrullus lanatus	Watermelon
Citrus aurantium	Bitter orange
Citrus aurantium	Citrus aurantium
Citrus aurantium	Seville orange
Citrus aurantium	Suan cheng
Citrus paradisi	Citrus paradisi
Citrus paradisi	Grapefruit
Citrus reticulata	Citrus reticulata
Citrus reticulata	Ju
Citrus reticulata	Mandarin orange
Citrus reticulata	Tangerine
Citrus sinensis	Blood orange
Citrus sinensis	Citrus sinensis
Citrus sinensis	Navel orange
Citrus sinensis	Red orange
Citrus sinensis	Sweet orange
Citrus sinensis	Tian cheng
Citrus sinensis	Valencia orange
Codonopsis pilosula	Bellflower
Codonopsis pilosula	Codonopsis pilosula
Codonopsis pilosula	Dang shen
Cola nitida	Bitter cola
Cola nitida	Cola nitida
Cola nitida	Gbanja kola
Cola nitida	Kola
Commiphora mukul	Commiphora mukul
Commiphora mukul	Guggul
Commiphora mukul	Gugul
Commiphora mukul	Indian bdellium-tree
Conyza canadensis	Butterweed
Conyza canadensis	Canadian horseweed
Conyza canadensis	Conyza canadensis
Coptis chinensis	Chinese goldthread
Coptis chinensis	Coptis chinensis
Coptis chinensis	Golden thread
Coptis chinensis	Huang lian
Coptis chinensis	Huanglian
Cordyceps militaris	Cordyceps militaris
Cordyceps militaris	Cordycepsmilitaris
Coriandrum sativum	Chinese parsley
Coriandrum sativum	Chinese-parsley
Coriandrum sativum	Cilantro
Coriandrum sativum	Coriander
Coriandrum sativum	Coriandrum sativum
Coriandrum sativum	Parsley- Chinese
Cornus officinalis	Asiatic cornelian cherry
Cornus officinalis	Asiatic dogwood
Cornus officinalis	Cornus officinalis
Cornus officinalis	Shan zhu yu
Corylus avellana	Cobnut
Corylus avellana	Corylus avellana
Corylus avellana	European filbert
Corylus avellana	European hazel
Corylus avellana	Giant filbert
Corylus avellana	Hazel
Corylus avellana	Hazelnut tree
Crataegus laevigata	Crataegus laevigata
Crataegus laevigata	English hawthorn
Crataegus laevigata	Hawthorn
Crataegus laevigata	Maytree
Crataegus laevigata	Two-style hawthorn
Crataegus laevigata	Whitethorn
Crataegus laevigata	Woodland hawthorn
Crataegus monogyna	Crataegus monogyna
Crataegus monogyna	Hawthorn
Crataegus monogyna	Oneseed hawthorn
Crataegus monogyna	One-style hawthorn
Crithmum maritimum	Crithmum maritimum
Crithmum maritimum	Rock samphire
Crithmum maritimum	Sea-fennel
Cuminum cyminum	Cumin
Cuminum cyminum	Cuminum cyminum
Curcuma longa	Common turmeric
Curcuma longa	Curcuma
Curcuma longa	Curcuma longa
Curcuma longa	Indian-saffron
Curcuma longa	Jianghuang
Curcuma longa	Turmeric
Curcuma longa	Yellow ginger
Curcuma zedoaria	Curcuma zedoaria
Curcuma zedoaria	Karcura
Cyperus rotundus	Coco-grass
Cyperus rotundus	Cyperus rotundus
Cyperus rotundus	Nut-grass
Cyperus rotundus	Nutgrass
Cyperus rotundus	Nutgrass alingale
Cyperus rotundus	Nut sedge
Cyperus rotundus	Purple nut sedge
Cyperus rotundus	Red nut sedge
Cyperus rotundus	Suo cao
Cyperus rotundus	Xiangfu
Cyperus rotundus	Xiang fu zi
Daucus carota	Carrot
Daucus carota	Daucus carota
Dioscorea villosa	Chinaroot
Dioscorea villosa	Dioscorea villosa
Dioscorea villosa	Wild yam
Diospyros virginiana	Americanpersimmon
Diospyros virginiana	Diospyros virginiana
Echinacea angustifolia	Black sampson
Echinacea angustifolia	Black-sampson echinacea
Echinacea angustifolia	Eastern purple-coneflower
Echinacea angustifolia	Echinacea
Echinacea angustifolia	Echinacea angustifolia
Echinacea angustifolia	Echinacea purpurea
Echinacea angustifolia	Kansas snakeroot
Echinacea angustifolia	Narrow-leaf coneflower
Echinacea angustifolia	Narrow-leaf echinacea
Echinacea angustifolia	Narrow-leaf purple-coneflower
Echinacea angustifolia	Purple-coneflower
Echinacea purpurea	Black sampson
Echinacea purpurea	Black-sampson echinacea
Echinacea purpurea	Eastern purple-coneflower
Echinacea purpurea	Echinacea
Echinacea purpurea	Echinacea angustifolia
Echinacea purpurea	Echinacea purpurea
Echinacea purpurea	Kansas snakeroot
Echinacea purpurea	Narrow-leaf coneflower
Echinacea purpurea	Narrow-leaf echinacea
Echinacea purpurea	Narrow-leaf purple-coneflower
Echinacea purpurea	Purple-coneflower
Eleutherococcus senticosus	Ci wu jia
Eleutherococcus senticosus	Eleuthero
Eleutherococcus senticosus	Eleutherococcus senticosus
Eleutherococcus senticosus	Siberian ginseng
Elymus repens	Couchgrass
Elymus repens	Elymus repens
Emilia sonchifolia	Cupid's shaving-brush
Emilia sonchifolia	Emilia
Emilia sonchifolia	Emilia sonchifolia
Emilia sonchifolia	Sow thistle
Epimedium grandif	Barrenwort
Epimedium grandif	Epimedium grandif
Epimedium grandif	Epimedium grandiflorum
Epimedium grandif	Horny goat weed
Epimedium grandif	Japanese epimedium
Epimedium grandif	Yin yang huo
Epimedium grandiflorum	Barrenwort
Epimedium grandiflorum	Epimedium grandif
Epimedium grandiflorum	Epimedium grandiflorum
Epimedium grandiflorum	Horny goat weed
Epimedium grandiflorum	Japanese epimedium
Epimedium grandiflorum	Yin yang huo
Equisetum hyemale	Common scouring-rush
Equisetum hyemale	Equisetum hyemale
Equisetum hyemale	Mu zei
Eriobotrya japonica	Bibasse
Eriobotrya japonica	Eriobotrya japonica
Eriobotrya japonica	Japanese-medlar
Eriobotrya japonica	Loquat
Eriobotrya japonica	Lukwart
Eriobotrya japonica	Nispero
Eriobotrya japonica	Pi ba
Eriodictyon californicum	Eriodictyon californicum
Eriodictyon californicum	Mountain balm
Eriodictyon californicum	Yerba-santa
Eruca vesicaria	Arugula
Eruca vesicaria	Eruca vesicaria
Eruca vesicaria	Garden rock
Eschscholzia californica	California-poppy
Eschscholzia californica	Eschscholzia californica
Eupatorium purpureum	Eupatorium purpureum
Eupatorium purpureum	Gravelroot
Eupatorium purpureum	Green-stem joe-pye-weed
Eupatorium purpureum	Joe-pye
Eupatorium purpureum	Joe-pye-weed
Eupatorium purpureum	Marsh-milkweed
Eupatorium purpureum	Queen-of-the-meadow
Eupatorium purpureum	Sweet joe-pye-weed
Euterpe oleracea	Acai
Euterpe oleracea	Açai
Euterpe oleracea	Assai palm
Euterpe oleracea	Cabbage palm
Euterpe oleracea	Euterpe oleracea
Ferula elaeochytris	Ferula elaeochytris
Ferula elaeochytris	Ferulaelaeochytris
Ficus carica	Ficus carica
Ficus carica	Fig
Ficus carica	Fig tree
Ficus carica	Wu hua guo
Filipendula ulmaria	Dropwort
Filipendula ulmaria	Filipendula ulmaria
Filipendula ulmaria	Meadowsweet
Filipendula ulmaria	Queen-of-the-meadow
Filipendula ulmaria	Xuan guo wen zi cao
Foeniculum vulgare	Fennel
Foeniculum vulgare	Fenouil
Foeniculum vulgare	Foeniculum vulgare
Fomes fomentarius	Fomes fomentarius
Fomes fomentarius	Fomesfomentarius
Frangula alnus	Alder buckthorn
Frangula alnus	Frangula
Frangula alnus	Frangula alnus
Frangula alnus	Glossy buckthorn
Fucus vesiculosus	Black tang
Fucus vesiculosus	Bladder fucus
Fucus vesiculosus	Fucus vesiculosus
Fucus vesiculosus	Kelpware
Fucus vesiculosus	Seawrack
Fumaria officinalis	Common fumitory
Fumaria officinalis	Fumaria officinalis
Fumaria officinalis	Fumitory
Fumaria officinalis	Wax-dolls
Galega officinalis	French lilac
Galega officinalis	Galega
Galega officinalis	Galega officinalis
Galega officinalis	Goat's-rue
Galium aparine	Catchweed bedstraw
Galium aparine	Cleavers
Galium aparine	Galium aparine
Galium aparine	Goose-grass
Galium verum	Galium verum
Galium verum	Lady's bedstraw
Galium verum	Yellow bedstraw
Ganoderma lucidum	Ganoderma
Ganoderma lucidum	Ganoderma lucidum
Ganoderma lucidum	Ling zhi
Ganoderma lucidum	Reishi
Garcinia gummi	Garcinia gummi
Garcinia gummi	Malabartamarind
Gentiana lutea	Bitterwort
Gentiana lutea	Gentian
Gentiana lutea	Gentiana lutea
Gentiana lutea	Gentian-root
Gentiana lutea	Yellow gentian
Geranium maculatum	Cranesbill
Geranium maculatum	Geranium maculatum
Geranium maculatum	Spotted geranium
Geranium maculatum	Wild geranium
Ginkgo biloba	Baiguo
Ginkgo biloba	Ginkgo
Ginkgo biloba	Ginkgo biloba
Ginkgo biloba	Icho
Ginkgo biloba	Maidenhair-tree
Glycine max	Black soya bean
Glycine max	Da dou
Glycine max	Glycine max
Glycine max	Soy
Glycine max	Soya
Glycine max	Soyabean
Glycine max	Soybean
Glycyrrhiza glabra	Glycyrrhiza glabra
Glycyrrhiza glabra	Guang guo gan cao
Glycyrrhiza glabra	Licorice
Glycyrrhiza glabra	Liquorice
Glycyrrhiza inflata	Glycyrrhiza inflata
Glycyrrhiza inflata	Licorice
Glycyrrhiza inflata	Zhangguogancao
Glycyrrhiza uralensis	Chinese licorice
Glycyrrhiza uralensis	Gan cao
Glycyrrhiza uralensis	Glycyrrhiza uralensis
Glycyrrhiza uralensis	Licorice
Gymnema sylvestre	Gymnema
Gymnema sylvestre	Gymnema sylvestre
Gymnema sylvestre	Miracle-fruit
Hamamelis virginiana	Hamamelis
Hamamelis virginiana	Hamamelis virginiana
Hamamelis virginiana	Spotted alder
Hamamelis virginiana	Winter bloom
Hamamelis virginiana	Witchazel
Hamamelis virginiana	Witch-hazel
Handroanthus heptaphyllus	Handroanthus heptaphyllus
Handroanthus heptaphyllus	Ipe roxo
Handroanthus heptaphyllus	Lapacho
Handroanthus heptaphyllus	Lapacho negro
Handroanthus heptaphyllus	Pau d'Arco
Harpagophytum procumbens	Devil's-claw
Harpagophytum procumbens	Grapple plant
Harpagophytum procumbens	Harpagophytum procumbens
Harpagophytum procumbens	Wood spider
Hedera helix	Engelse hedera
Hedera helix	English ivy
Hedera helix	Hedera helix
Hedera helix	Ivy leaf
Helichrysum arenarium	Everlasting
Helichrysum arenarium	Helichrysum arenarium
Helichrysum arenarium	Immortelle
Helichrysum arenarium	Sandy everlasting
Helichrysum arenarium	Yellow chasteweed
Hordeum vulgare	Barley grass
Hordeum vulgare	Da mai
Hordeum vulgare	Hordeum vulgare
Hydrastis canadensis	Goldenseal
Hydrastis canadensis	Hydrastis canadensis
Hydrastis canadensis	Orangeroot
Hydrastis canadensis	Yellow-puccoon
Hydrastis canadensis	Yellow root
Hypericum perforatum	Hypericum
Hypericum perforatum	Hypericum perforatum
Hypericum perforatum	St. John's wort
Hypericum perforatum	St. John's-wort
Hyssopus officinalis	Hyssop
Hyssopus officinalis	Hyssopus officinalis
Ilex paraguariensis	Brazilian tea
Ilex paraguariensis	Ilex paraguariensis
Ilex paraguariensis	Mate
Ilex paraguariensis	Paraguayan tea
Ilex paraguariensis	Paraguay tea
Ilex paraguariensis	St Bartholomew's tea
Ilex paraguariensis	Yerba mate
Inonotus obliquus	Chaga
Inonotus obliquus	Inonotus obliquus
Inula helenium	Aaron's-rod
Inula helenium	Common mullein
Inula helenium	Elecampane
Inula helenium	Flannelleaf
Inula helenium	Flannelplant
Inula helenium	Great mullein
Inula helenium	Hag taper
Inula helenium	Inula helenium
Inula helenium	Mullein
Inula helenium	Torches
Inula helenium	Tu mu xiang
Inula helenium	Velvet-dock
Inula helenium	Verbascum thapsus
Juglans nigra	Blackwalnut
Juglans nigra	Juglans nigra
Juglans regia	Juglans regia
Juglans regia	Walnut
Juncus effusus	Common rush
Juncus effusus	Deng xin cao
Juncus effusus	Juncus effusus
Juncus effusus	Soft rush
Juniperus communis	Common juniper
Juniperus communis	Juniper
Juniperus communis	Juniperus communis
Juniperus oxycedrus	Cade juniper
Juniperus oxycedrus	Juniperus oxycedrus
Juniperus oxycedrus	Prickly juniper
Juniperus oxycedrus	Red-berry juniper
Juniperus virginiana	Eastern red-cedar
Juniperus virginiana	Juniperus virginiana
Juniperus virginiana	Pencil-cedar
Juniperus virginiana	Potloodseder
Juniperus virginiana	Red-cedar
Juniperus virginiana	Red juniper
Juniperus virginiana	Rooisede
Leonurus cardiaca	Common motherwort
Leonurus cardiaca	Leonurus cardiaca
Leonurus cardiaca	Motherwort
Lepidium	Du xing cai
Lepidium	Lepidium
Lepidium	Pepperweed
Lepidium meyenii	Lepidium meyenii
Lepidium meyenii	Maca
Lepidium meyenii	Peruvian-ginseng
Levisticum officinale	Levisticum officinale
Levisticum officinale	Lovage
Lilium candidum	Lilium candidum
Lilium candidum	Madonna lily
Lilium candidum	White lily
Linum usitatissimum	Flax
Linum usitatissimum	Flax seed
Linum usitatissimum	Flaxseed
Linum usitatissimum	Linseed
Linum usitatissimum	Linum usitatissimum
Liquidambar styraciflua	Alligatorwood
Liquidambar styraciflua	American-storax
Liquidambar styraciflua	Liquidambar styraciflua
Liquidambar styraciflua	Red-gum
Liquidambar styraciflua	Satin-walnut
Liquidambar styraciflua	Sweet-gum
Lobaria pulmonaria	Lobaria pulmonaria
Lobaria pulmonaria	Lung lichen
Lobaria pulmonaria	Lungmoss
Lonicera japonica	Japanese honeysuckle
Lonicera japonica	Jin yin hua
Lonicera japonica	Lonicera japonica
Lonicera japonica	Ren dong
Lonicera japonica	Rendongteng
Lycium barbarum	Barbary matrimony-vine
Lycium barbarum	Barbary wolfberry
Lycium barbarum	Chinese wolfberry
Lycium barbarum	Goji berry
Lycium barbarum	Lycium barbarum
Lycium barbarum	Matrimony-vine
Lycium barbarum	Ning xia gou qi
Lycopus americanus	Americanbugleweed
Lycopus americanus	Lycopus americanus
Magnolia grandiflora	Bull bay
Magnolia grandiflora	Laurier tulipier
Magnolia grandiflora	Magnolia grandiflora
Magnolia grandiflora	Southern magnolia
Magnolia officinalis	Hou po
Magnolia officinalis	Magnolia-bark
Magnolia officinalis	Magnolia officinalis
Magnolia virginiana	Magnolia virginiana
Magnolia virginiana	Sweetbay
Malus domestica	Apple cider vinegar
Malus domestica	Malus domestica
Malus domestica	Malus pumila
Malus pumila	Apple cider vinegar
Malus pumila	Malus domestica
Malus pumila	Malus pumila
Malva sylvestris	Blue mallow
Malva sylvestris	Cheeses
Malva sylvestris	Common mallow
Malva sylvestris	High mallow
Malva sylvestris	Malva sylvestris
Malva sylvestris	Tall mallow
Marrubium vulgare	Horehound
Marrubium vulgare	Marrubium vulgare
Marrubium vulgare	White horehound
Matricaria chamomilla	Blue chamomile
Matricaria chamomilla	Chamomile
Matricaria chamomilla	Common chamomile
Matricaria chamomilla	German chamomile
Matricaria chamomilla	Hungarian chamomile
Matricaria chamomilla	Matricaria
Matricaria chamomilla	Matricaria chamomilla
Matricaria chamomilla	Scented chamomile
Matricaria chamomilla	Scented mayweed
Matricaria chamomilla	Sweet false chamomile
Matricaria chamomilla	True chamomile
Matricaria chamomilla	Wild chamomile
Medicago polymorpha	Bur medic
Medicago polymorpha	California bur-clover
Medicago polymorpha	Hairy medic
Medicago polymorpha	Medicago polymorpha
Medicago polymorpha	Toothed bur-clover
Medicago polymorpha	Toothed medic
Melia azedarach	Chinaberry
Melia azedarach	Lian
Melia azedarach	Melia azedarach
Melia azedarach	Persian lilac
Melia azedarach	Sichuan pagoda-tree
Melia azedarach	Szechwan chinaberry
Melissa officinalis	Balm
Melissa officinalis	Bee balm
Melissa officinalis	Lemon balm
Melissa officinalis	Melissa
Melissa officinalis	Melissa officinalis
Mentha pulegium	European pennyroyal
Mentha pulegium	Lurk-in-the-Ditch
Mentha pulegium	Mentha pulegium
Mentha pulegium	Mosquito plant
Mentha pulegium	Pennyroyal
Mentha pulegium	Pudding Grass
Mentha pulegium	Pulegium
Mentha pulegium	Run-by-the-Ground
Mentha pulegium	Squaw Balm
Mentha pulegium	Squawmint Tickweed
Mentha spicata	Curled mint
Mentha spicata	Mentha spicata
Mentha spicata	Spearmint
Mimosa pudica	Han xiu cao
Mimosa pudica	Mimosa pudica
Mimosa pudica	Sensitive-plant
Mimosa pudica	Touch-me-not
Mitchella repens	Mitchella repens
Mitchella repens	Partridge-berry
Mitchella repens	Squawvine
Mitragyna speciosa	Kratom
Mitragyna speciosa	Kratum
Mitragyna speciosa	Mitragyna speciosa
Momordica charantia	Balsam-apple
Momordica charantia	Balsam-pear
Momordica charantia	Bitter-cucumber
Momordica charantia	Bitter gourd
Momordica charantia	Bitter melon
Momordica charantia	Carilla gourd
Momordica charantia	Momordica charantia
Morella cerifera	Bayberry
Morella cerifera	Candleberry
Morella cerifera	Morella cerifera
Morella cerifera	Southern bayberry
Morella cerifera	Southern wax-myrtle
Morella cerifera	Waxberry
Morella cerifera	Wax-myrtle
Morinda citrifolia	Indian-mulberry
Morinda citrifolia	Morinda citrifolia
Morinda citrifolia	Noni
Morinda citrifolia	Rotten cheesefruit
Moringa oleifera	Ben-oil-tree
Moringa oleifera	Benzolive-tree
Moringa oleifera	Drumsticktree
Moringa oleifera	Horseradish-tree
Moringa oleifera	Malunggay
Moringa oleifera	Moringa
Moringa oleifera	Moringa oleifera
Moringa oleifera	West Indian ben
Myrtus communis	Myrtle
Myrtus communis	Myrtus communis
Nepeta cataria	Catmint
Nepeta cataria	Catnep
Nepeta cataria	Catnip
Nepeta cataria	Catswort
Nepeta cataria	Field balm
Nepeta cataria	Nepeta cataria
Nerium oleander	Nerium oleander
Nerium oleander	Oleander
Nerium oleander	Rose laurel
Neurolaena lobata	Gavilana
Neurolaena lobata	Jackass bitters
Neurolaena lobata	Neurolaena lobata
Nigella sativa	Black cumin
Nigella sativa	Nigella sativa
Notopterygium incisum	Notopterygium
Notopterygium incisum	Notopterygium incisum
Notopterygium incisum	Qiang huo
Nymphaea odorata	Nymphaea odorata
Nymphaea odorata	Sweetwaterlily
Ocimum tenuiflorum	Holy basil
Ocimum tenuiflorum	Ocimum tenuiflorum
Ocimum tenuiflorum	Rama tulsi
Ocimum tenuiflorum	Sacred basil
Ocimum tenuiflorum	Tulsi
Oenothera biennis	Evening primrose oil
Oenothera biennis	Oenothera biennis
Olea europaea	Olea europaea
Olea europaea	Olive
Olea europaea	Olive-leaf
Olea europaea	Olive tree
Ononis spinosa	Ononis
Ononis spinosa	Ononis spinosa
Ononis spinosa	Restharrow
Ononis spinosa	Spiny restharrow
Ononis spinosa	Spring restharrow
Ophiocordyceps sinensis	Cordyceps
Ophiocordyceps sinensis	Ophiocordyceps sinensis
Oplopanax horridus	Devil's-club
Oplopanax horridus	Oplopanax horridus
Origanum compactum	Moroccanoregano
Origanum compactum	Origanum compactum
Origanum majorana	Marjoram
Origanum majorana	Origanum majorana
Origanum majorana	Sweet marjoram
Origanum syriacum	Biblical hyssop
Origanum syriacum	Lebanese oregano
Origanum syriacum	Origanum syriacum
Origanum syriacum	Syrian oregano
Origanum vulgare	Common Oregano
Origanum vulgare	Oregano
Origanum vulgare	Origanum vulgare
Oryza sativa	Oryza sativa
Oryza sativa	Red yeast rice
Panax ginseng	Asian ginseng
Panax ginseng	Chinese ginseng
Panax ginseng	Hong shen
Panax ginseng	Korean ginseng
Panax ginseng	Korean red ginseng
Panax ginseng	Oriental ginseng
Panax ginseng	Panax ginseng
Panax ginseng	Red ginseng
Panax ginseng	Ren shen
Papaver rhoeas	Corn poppy
Papaver rhoeas	Field poppy
Papaver rhoeas	Flanders poppy
Papaver rhoeas	Papaver rhoeas
Papaver rhoeas	Shirley poppy
Parietaria judaica	Parietaria judaica
Parietaria judaica	Pellitory-of-the-wall
Parietaria judaica	Spreading pellitory
Passiflora edulis	Passiflora edulis
Passiflora edulis	Purplegranadilla
Paullinia cupana	Guarana
Paullinia cupana	Paullinia cupana
Pausinystalia johimbe	Pausinystalia johimbe
Pausinystalia johimbe	Yohimbe
Petroselinum crispum	Parsley
Petroselinum crispum	Petroselinum crispum
Peumus boldus	Boldo
Peumus boldus	Boldo tree
Peumus boldus	Boldu
Peumus boldus	Peumus boldus
Phyllanthus amarus	Phyllanthus amarus
Phyllanthus amarus	Phyllanthusamarus
Phytolacca americana	Chui xu shang lu
Phytolacca americana	Phytolacca americana
Phytolacca americana	Pigeonberry
Phytolacca americana	Poke
Phytolacca americana	Pokeberry
Phytolacca americana	Pokeroot
Phytolacca americana	Pokeweed
Phytolacca americana	Virginia poke
Pinus mugo	Dwarf pine
Pinus mugo	Mountain pine
Pinus mugo	Mountain pine- Swiss
Pinus mugo	Mugo pine
Pinus mugo	Pine- pumilio
Pinus mugo	Pine- Swiss mountain
Pinus mugo	Pinus mugo
Pinus mugo	Pumilio pine
Pinus mugo	Scrub mountain pine
Pinus mugo	Swiss mountain pine
Pinus nigra	Baltic redwood
Pinus nigra	Pinus nigra
Pinus nigra	Pinus sylvestris
Pinus nigra	Scotch pine
Pinus nigra	Scots pine
Pinus palustris	Longleaf pine
Pinus palustris	Pinus palustris
Pinus palustris	Pitch pine
Pinus sylvestris	Baltic redwood
Pinus sylvestris	Pinus nigra
Pinus sylvestris	Pinus sylvestris
Pinus sylvestris	Scotch pine
Pinus sylvestris	Scots pine
Piper methysticum	Kava
Piper methysticum	Kava-kava
Piper methysticum	Kava pepper
Piper methysticum	Kawa pepper
Piper methysticum	Piper methysticum
Piper methysticum	Yanggona
Piper nigrum	Black pepper
Piper nigrum	Pepper- black
Piper nigrum	Pepper- white
Piper nigrum	Piper nigrum
Piper nigrum	White pepper
Piptoporus betulinus	Piptoporus betulinus
Piptoporus betulinus	Piptoporusbetulinus
Pistacia lentiscus	Chios mastictree
Pistacia lentiscus	Lentiscus
Pistacia lentiscus	Pistacia lentiscus
Plantago major	Broadleaf plantain
Plantago major	Common plantain
Plantago major	Greater plantain
Plantago major	Plantago major
Plantago major	Plantain
Platanus occidentalis	AmericanSycamore
Platanus occidentalis	Platanus occidentalis
Pogostemon cablin	Cablin patchouli
Pogostemon cablin	Guang huo xiang
Pogostemon cablin	Patchouli-plant
Pogostemon cablin	Patchouly
Pogostemon cablin	Pogostemon cablin
Posidonia oceanica	Mediterraneantapeweed
Posidonia oceanica	Posidonia oceanica
Prunella vulgaris	Common selfheal
Prunella vulgaris	Heal-all
Prunella vulgaris	Prunella
Prunella vulgaris	Prunella vulgaris
Prunella vulgaris	Self-heal
Prunella vulgaris	Woundwort
Prunella vulgaris	Xiakucao
Prunus armeniaca	Apricot
Prunus armeniaca	Prunus armeniaca
Prunus armeniaca	Siberian apricot
Prunus armeniaca	Xing
Prunus persica	Momo
Prunus persica	Peach
Prunus persica	Prunus persica
Prunus persica	Tao
Prunus serotina	Black cherry
Prunus serotina	Prunus serotina
Prunus serotina	Rum cherry
Prunus serotina	Wild cherry
Prunus spinosa	Blackthorn
Prunus spinosa	Endrino
Prunus spinosa	Prunus spinosa
Pseudognaphalium obtusifolium	Blunt-leaved everlasting
Pseudognaphalium obtusifolium	Fragrant everlasting
Pseudognaphalium obtusifolium	Pseudognaphalium obtusifolium
Pseudotsuga menziesii	Douglas-fir
Pseudotsuga menziesii	Pseudotsuga menziesii
Ptelea trifoliata	Hoptree
Ptelea trifoliata	Ptelea trifoliata
Ptelea trifoliata	Shrub-trefoil
Quassia amara	Quassia
Quassia amara	Quassia amara
Quassia amara	Quassia wood
Quercus alba	Quercus alba
Quercus alba	Stave oak
Quercus alba	White oak
Quercus incana	Bluejackoak
Quercus incana	Quercus incana
Raphanus raphanistrum	Jointed charlock
Raphanus raphanistrum	Raphanus raphanistrum
Raphanus raphanistrum	Wild radish
Reynoutria multiflora	Fleeceflower
Reynoutria multiflora	Fo-ti
Reynoutria multiflora	He shou wu
Reynoutria multiflora	Reynoutria multiflora
Rheum	Himalayan rhubarb
Rheum	Himalaya-Rhabarber
Rheum	Indian rhubarb
Rheum	Rheum
Rheum	Rheum australe
Rheum	zang bian da huang
Rheum australe	Himalayan rhubarb
Rheum australe	Himalaya-Rhabarber
Rheum australe	Indian rhubarb
Rheum australe	Rheum
Rheum australe	Rheum australe
Rheum australe	zang bian da huang
Rheum palmatum	Chinese Rhubarb
Rheum palmatum	Ornamental rhubarb
Rheum palmatum	Rheum palmatum
Rheum palmatum	Rhubarb
Rheum palmatum	Zhang ye da huang
Rhodiola rosea	Hong jing tian
Rhodiola rosea	King's-crown
Rhodiola rosea	Rhodiola
Rhodiola rosea	Rhodiola rosea
Rhodiola rosea	Roseroot
Rhus coriaria	Rhus coriaria
Rhus coriaria	Sicilian sumac
Rhus coriaria	Tanner's sumac
Robinia pseudoacacia	Black locust
Robinia pseudoacacia	Falsa acacia
Robinia pseudoacacia	Robinia pseudoacacia
Rosa canina	Common briar
Rosa canina	Dogbrier
Rosa canina	Dog rose
Rosa canina	Rosa canina
Rosmarinus officinalis	Rosemary
Rosmarinus officinalis	Rosmarinus officinalis
Rubus ursinus	Boysenberry
Rubus ursinus	Rubus ursinus
Rumex crispus	Curly dock
Rumex crispus	Rumex crispus
Rumex crispus	Sour dock
Rumex crispus	Yellow dock
Ruscus aculeatus	Box-holly
Ruscus aculeatus	Butcher's-broom
Ruscus aculeatus	Ruscus aculeatus
Ruta chalepensis	Fringedrue
Ruta chalepensis	Ruta chalepensis
Ruta graveolens	Rue
Ruta graveolens	Ruta graveolens
Salvia officinalis	Common sage
Salvia officinalis	Dalmatian sage
Salvia officinalis	Garden sage
Salvia officinalis	Sage
Salvia officinalis	Salvia officinalis
Salvia pratensis	Meadow clary
Salvia pratensis	Meadow sage
Salvia pratensis	Salvia pratensis
Salvia sclarea	Clary
Salvia sclarea	Clary sage
Salvia sclarea	Salvia sclarea
Sambucus canadensis	American elder
Sambucus canadensis	Canadian elder
Sambucus canadensis	Sambucus canadensis
Sambucus canadensis	Sambucus nigra
Sambucus canadensis	Sweet Elder
Sambucus nigra	American elder
Sambucus nigra	Canadian elder
Sambucus nigra	Sambucus canadensis
Sambucus nigra	Sambucus nigra
Sambucus nigra	Sweet Elder
Sanguinaria canadensis	Bloodroot
Sanguinaria canadensis	Bloodwort
Sanguinaria canadensis	Canadian bloodroot
Sanguinaria canadensis	Red puccoon
Sanguinaria canadensis	Redroot
Sanguinaria canadensis	Sanguinaria canadensis
Sanguinaria canadensis	Tetterwort
Saponaria officinalis	Bouncing-bet
Saponaria officinalis	Saponaria officinalis
Saponaria officinalis	Soapwort
Saposhnikovia divaricata	Fang feng
Saposhnikovia divaricata	Saposhnikovia divaricata
Saposhnikovia divaricata	Siler
Sargassum pallidum	Sargassum pallidum
Sargassum pallidum	Sargassumpallidum
Sassafras albidum	Common sassafras
Sassafras albidum	Sassafras
Sassafras albidum	Sassafras albidum
Sassafras albidum	White sassafras
Satureja montana	Satureja montana
Satureja montana	Savory
Satureja montana	Winter savory
Schisandra chinensis	Chinese Magnoliavine
Schisandra chinensis	Schisandra
Schisandra chinensis	Schisandra chinensis
Schisandra chinensis	Wu wei zi
Scutellaria lateriflora	Helmet flower
Scutellaria lateriflora	Hoodwort
Scutellaria lateriflora	Mad-dog scullcap
Scutellaria lateriflora	Quarter bonnet
Scutellaria lateriflora	Scullcap
Scutellaria lateriflora	Scutellaria lateriflora
Scutellaria lateriflora	Skullcap
Scutellaria lateriflora	Virginian skullcap
Senna alexandrina	Senna
Senna alexandrina	Senna alexandrina
Senna obtusifolia	Java-bean
Senna obtusifolia	Senna obtusifolia
Senna obtusifolia	Sicklepod
Senna obtusifolia	Sicklepod senna
Senna occidentalis	Antbush
Senna occidentalis	Coffee senna
Senna occidentalis	Negro-coffee
Senna occidentalis	Senna occidentalis
Senna occidentalis	Stinkingweed
Serenoa repens	Sabal
Serenoa repens	Saw palmetto
Serenoa repens	Saw-palmetto
Serenoa repens	Scrub-palmetto
Serenoa repens	Serenoa repens
Silybum marianum	Blessed milk thistle
Silybum marianum	Gundagai thistle
Silybum marianum	Holy thistle
Silybum marianum	Lady's thistle
Silybum marianum	Mary's thistle
Silybum marianum	Mary thistle
Silybum marianum	Milk thistle
Silybum marianum	Silybum marianum
Silybum marianum	St. Mary's thistle
Silybum marianum	Variegated thistle
Sisymbrium officinale	Hedgemustard
Sisymbrium officinale	Sisymbrium officinale
Solanum anguivi	PoisonBerry
Solanum anguivi	Solanum anguivi
Solidago canadensis	CanadianGoldenrod
Solidago canadensis	Solidago canadensis
Solidago odora	Anise-scent goldenrod
Solidago odora	Fragrant goldenrod
Solidago odora	Solidago odora
Stachys officinalis	Bishop's-wort
Stachys officinalis	Purple betony
Stachys officinalis	Stachys officinalis
Stachys officinalis	Wood betony
Stevia rebaudiana	Stevia
Stevia rebaudiana	Stevia rebaudiana
Stillingia sylvatica	Queen's-delight
Stillingia sylvatica	Queen's-root
Stillingia sylvatica	Stillingia
Stillingia sylvatica	Stillingia sylvatica
Stillingia sylvatica	Yawroot
Swertia chirata	Chirata
Swertia chirata	Chiretta
Swertia chirata	Kiratatikta
Swertia chirata	Swertia chirata
Symphytum officinale	Boneset
Symphytum officinale	Comfrey
Symphytum officinale	Common comfrey
Symphytum officinale	Consound
Symphytum officinale	Healing-herb
Symphytum officinale	Knitbone
Symphytum officinale	Slippery-root
Symphytum officinale	Symphytum officinale
Tamarindus indica	Indian tamarind
Tamarindus indica	Kilytree
Tamarindus indica	Tamarin
Tamarindus indica	Tamarind
Tamarindus indica	Tamarindus indica
Tanacetum parthenium	Feverfew
Tanacetum parthenium	Tanacetum parthenium
Tanacetum vulgare	Golden-buttons
Tanacetum vulgare	Tanacetum vulgare
Tanacetum vulgare	Tansy
Taraxacum officinale	Common dandelion
Taraxacum officinale	Dandelion
Taraxacum officinale	Lion's-tooth
Taraxacum officinale	Taraxacum officinale
Thymus vulgaris	Common thyme
Thymus vulgaris	Conehead thyme
Thymus vulgaris	English thyme
Thymus vulgaris	French thyme
Thymus vulgaris	Garden thyme
Thymus vulgaris	Thyme
Thymus vulgaris	Thymus vulgaris
Tillandsia usneoides	Spanishmoss
Tillandsia usneoides	Tillandsia usneoides
Trametes versicolor	Kawaratake
Trametes versicolor	Trametes versicolor
Trametes versicolor	Turkey Tail
Trametes versicolor	Yunzhi
Tribulus terrestris	Caltrop
Tribulus terrestris	Cat's-head
Tribulus terrestris	Common dubbletjie
Tribulus terrestris	Devil's-thorn
Tribulus terrestris	Devil's-weed
Tribulus terrestris	Goathead
Tribulus terrestris	Gokshura
Tribulus terrestris	Goksura
Tribulus terrestris	Ji li
Tribulus terrestris	Puncturevine
Tribulus terrestris	Puncturevine caltrop
Tribulus terrestris	Tribulus
Tribulus terrestris	Tribulus terrestris
Trigonella foenum	Common fenugreek
Trigonella foenum	Fenugreek
Trigonella foenum	Greek-clover
Trigonella foenum	Greek hay
Trigonella foenum	Hu lu ba
Trigonella foenum	Trigonella foenum
Triticum aestivum	Bread wheat
Triticum aestivum	Triticum aestivum
Triticum aestivum	Wheat
Triticum aestivum	Wheat grass
Triticum aestivum	Xiao mai
Turnera diffusa	Damiana
Turnera diffusa	Turnera diffusa
Tussilago farfara	Coltsfoot
Tussilago farfara	Common coltsfoot
Tussilago farfara	Kuan dong
Tussilago farfara	Kuandonghua
Tussilago farfara	Tussilago farfara
Ulmus minor	Europeanfieldelm
Ulmus minor	Ulmus minor
Ulmus rubra	Red elm
Ulmus rubra	Slippery elm
Ulmus rubra	Ulmus rubra
Uncaria tomentosa	Cat's-claw
Uncaria tomentosa	Uncaria tomentosa
Urena lobata	Di Tao Hua
Urena lobata	Urena lobata
Urena lobata	Xiao Fan Tian Hua
Urtica dioica	Common nettle
Urtica dioica	European nettle
Urtica dioica	Greater nettle
Urtica dioica	Nettle
Urtica dioica	Stinging nettle
Urtica dioica	Urtica dioica
Urtica dioica	Yi zhu qian ma
Vaccinium macrocarpon	Cranberry
Vaccinium macrocarpon	Vaccinium macrocarpon
Vaccinium myrsinites	Shinyblueberry
Vaccinium myrsinites	Vaccinium myrsinites
Valeriana officinalis	Common valerian
Valeriana officinalis	Garden-heliotrope
Valeriana officinalis	Garden valerian
Valeriana officinalis	Valerian
Valeriana officinalis	Valeriana officinalis
Verbascum thapsus	Aaron's-rod
Verbascum thapsus	Common mullein
Verbascum thapsus	Elecampane
Verbascum thapsus	Flannelleaf
Verbascum thapsus	Flannelplant
Verbascum thapsus	Great mullein
Verbascum thapsus	Hag taper
Verbascum thapsus	Inula helenium
Verbascum thapsus	Mullein
Verbascum thapsus	Torches
Verbascum thapsus	Tu mu xiang
Verbascum thapsus	Velvet-dock
Verbascum thapsus	Verbascum thapsus
Viburnum opulus	Crampbark
Viburnum opulus	Guelder rose
Viburnum opulus	Viburnum opulus
Vicia faba	Favabean
Vicia faba	Vicia faba
Vitex agnus	Chasteberry
Vitex agnus	Chastetree
Vitex agnus	Vitex
Vitex agnus	Vitex agnus
Vitis rotundifolia	Fox grape
Vitis rotundifolia	Muscadine
Vitis rotundifolia	Muscadine grape
Vitis rotundifolia	Vitis rotundifolia
Vitis vinifera	Common grapevine
Vitis vinifera	European grape
Vitis vinifera	Grape
Vitis vinifera	Grapevine
Vitis vinifera	Vitis vinifera
Withania somnifera	Asgandh
Withania somnifera	Ashwaganda
Withania somnifera	Ashwagandha
Withania somnifera	Asvagandha
Withania somnifera	Indian ginseng
Withania somnifera	Winter-cherry
Withania somnifera	Withania somnifera
Yucca filamentosa	Adam's-needle
Yucca filamentosa	Bear-grass
Yucca filamentosa	Needle-palm
Yucca filamentosa	Spoon-leaf yucca
Yucca filamentosa	Yucca
Yucca filamentosa	Yucca filamentosa
Zanthoxylum clava	Hercules'-club
Zanthoxylum clava	Pepperbark
Zanthoxylum clava	Southern prickly-ash
Zanthoxylum clava	West Indian yellowwood
Zanthoxylum clava	Zanthoxylum clava
Zingiber officinale	Ginger
Zingiber officinale	Jiang
Zingiber officinale	Zingiber officinale
